method	IFNgamma-IFNGR1-IFNGR2	IKKs	PAMP	IkB	TLR-TRIF-TRAM	IFNGR1	IFNGR2	RAF	STAT5	IkB-NFkB	TLR-TIRAP-MyD88	STAT1	TIRAP	IFNgamma	PD-L1	PIP2	TLRs	JAK2	RAS	JAK1	IFNgamma-IFNGR1-IFNGR2-JAK	mTOR	SHP2	TRIF	TRAF6	PI3K	NFkB	Akt	STAT_activated	p38	JAK	STAT3	MyD88	NFAT	MEK/ERK	S6K/eIF4B	TRAM	PTEN	PIP3	JNK
Propogation (d+s)	0.0	0.0	0.0	0.0	0.0	0.0	0.0	0.0	0.0	0.0	0.0	0.0	0.0	0.0	0.0	0.09999999999999998	0.0	0.0	0.0	0.0	0.0	0.03644999999999999	0.0	0.0	0.0	0.0	0.0	0.05727564927611034	0.0	0.0	0.0	0.0	0.0	0.010934999999999999	0.021044417311961855	0.032805	0.0	0.0	0.06363961030678926	0.0
Progation (d)	0.0	0.0	0.0	0.0	0.0	0.0	0.0	0.0	0.0	0.0	0.0	0.0	0.0	0.0	0.0	0.09999999999999998	0.0	0.0	0.0	0.0	0.0	0.03644999999999999	0.0	0.0	0.0	0.0	0.0	0.05727564927611034	0.0	0.0	0.0	0.0	0.0	0.010934999999999999	0.021044417311961855	0.032805	0.0	0.0	0.06363961030678926	0.0
Propogation (u)	0.0	0.0	0.0	0.0	0.0	0.0	0.0	0.0	0.0	0.0	0.0	0.0	0.0	0.0	0.0	0.09999999999999998	0.0	0.0	0.0	0.0	0.0	0.03644999999999999	0.0	0.0	0.0	0.0	0.0	0.05727564927611034	0.0	0.0	0.0	0.0	0.0	0.010934999999999999	0.021044417311961855	0.032805	0.0	0.0	0.06363961030678926	0.0
Distance (d)	0.0	0.0	0.0	0.0	0.0	0.0	0.0	0.0	0.0	0.0	0.0	0.0	0.0	0.0	0.0	1.0	0.0	0.0	0.0	0.0	0.0	0.25	0.0	0.0	0.0	0.0	0.0	0.3333333333333333	0.0	0.0	0.0	0.0	0.0	0.2	0.25	0.2	0.0	0.0	0.5	0.0
Distance (u)	0.14285714285714285	0.16666666666666666	0.14285714285714285	0.125	0.125	0.16666666666666666	0.14285714285714285	0.14285714285714285	0.2	0.125	0.14285714285714285	0.16666666666666666	0.125	0.14285714285714285	0.14285714285714285	1.0	0.14285714285714285	0.2	0.16666666666666666	0.2	0.2	0.25	0.2	0.14285714285714285	0.2	0.3333333333333333	0.16666666666666666	0.3333333333333333	0.16666666666666666	0.16666666666666666	0.25	0.125	0.14285714285714285	0.2	0.25	0.2	0.14285714285714285	0.25	0.5	0.16666666666666666
